State,District,Latitude,Longitude,District code,Population,Households_with_Internet,literacy_rate,sex_ratio,Percentage of Poor
Andhra Pradesh,Adilabad,19.284513950073435,78.81321233480176,532.0,2741239.0,5512.0,54.0,1001.0,14.800029
Uttar Pradesh,Agra,26.99512974910393,78.05278291517321,146.0,4418797.0,27183.0,61.0,868.0,0.0
Gujarat,Ahmadabad,22.605425564971743,72.23898135593227,474.0,7214225.0,126341.0,75.0,904.0,0.0
Mizoram,Aizawl,23.90781335453101,92.85359459459472,283.0,400309.0,4019.0,85.0,1009.0,0.0
Rajasthan,Ajmer,26.199300378787903,74.6990419191919,119.0,2583052.0,13499.0,59.0,951.0,0.0
Maharashtra,Akola,20.746310479041902,77.12122320359276,501.0,1813906.0,6163.0,78.0,946.0,0.0
Kerala,Alappuzha,9.542602965599087,76.38010796263319,598.0,2127789.0,28842.0,87.0,1100.0,0.0
Uttar Pradesh,Aligarh,27.93748576850093,78.00146831119557,143.0,3673889.0,13634.0,57.0,882.0,0.0
0,Alirajpur,0.0,0.0,0.0,0.0,0.0,0.0,0.0,40.243094
Uttar Pradesh,Allahabad,25.392038662316445,82.05172446982063,175.0,5954391.0,24122.0,62.0,901.0,0.0
Uttaranchal,Almora,29.683532133676103,79.50165064267351,64.0,622506.0,1830.0,70.0,1139.0,9.607097
Rajasthan,Alwar,27.55271738035265,76.65359630562563,104.0,3674179.0,9750.0,59.0,895.0,0.0
Haryana,Ambala,30.3503672316384,76.94970310734456,70.0,1128350.0,12899.0,72.0,885.0,0.0
Uttar Pradesh,Ambedkar Nagar,26.39119025974028,82.68282142857147,178.0,2397888.0,2509.0,62.0,978.0,0.0
Maharashtra,Amravati,21.16520991810736,77.67583503184723,503.0,2888445.0,9438.0,78.0,951.0,0.0
Gujarat,Amreli,21.04832649310872,71.43457637825426,480.0,1514190.0,2538.0,66.0,964.0,0.0
Punjab,Amritsar,31.54867982062777,74.79883856502238,49.0,2490656.0,29961.0,68.0,889.0,3.304069
Gujarat,Anand,22.282718206229863,72.57782051557454,482.0,2092745.0,9902.0,74.0,925.0,0.0
Andhra Pradesh,Anantapur,14.312065561843148,77.4601584478577,553.0,4081148.0,8606.0,57.0,977.0,0.0
Madhya Pradesh,Anuppur,23.18184220430107,81.86560000000007,461.0,749237.0,1290.0,58.0,976.0,0.0
Bihar,Araria,26.211528119180603,87.30766554934816,209.0,2811569.0,2561.0,43.0,921.0,34.559143
Tamil Nadu,Ariyalur,11.190514836795256,79.22249643916912,616.0,754894.0,1749.0,64.0,1015.0,5.418127
Madhya Pradesh,Ashoknagar,24.63098846153845,77.82974493927134,459.0,845071.0,619.0,56.0,904.0,0.0
Uttar Pradesh,Auraiya,26.66892394014961,79.42637057356607,162.0,1379545.0,2404.0,67.0,864.0,0.0
Bihar,Aurangabad,24.77429186746988,84.45986024096379,235.0,2540073.0,2362.0,58.0,926.0,0.0
Bihar,Aurangabad,24.77429186746988,84.45986024096379,515.0,3701282.0,23258.0,68.0,923.0,0.0
Maharashtra,Aurangabad,20.0979228832952,75.32072196796334,235.0,2540073.0,2362.0,58.0,926.0,0.0
Maharashtra,Aurangabad,20.0979228832952,75.32072196796334,515.0,3701282.0,23258.0,68.0,923.0,0.0
Uttar Pradesh,Azamgarh,26.00829095477384,83.01220251256285,191.0,4613913.0,6652.0,60.0,1019.0,0.0
Karnataka,Bagalkot,16.15860676328503,75.64526070853468,556.0,1889752.0,3745.0,59.0,989.0,12.09817
Uttaranchal,Bageshwar,29.98703393393397,79.83954354354357,63.0,259898.0,435.0,69.0,1090.0,0.0
Uttar Pradesh,Baghpat,29.045793499999988,77.30266300000001,139.0,1303048.0,2989.0,61.0,861.0,0.0
Uttar Pradesh,Bahraich,27.691776300578027,81.46779783237004,180.0,3487731.0,2681.0,40.0,892.0,36.557113
Madhya Pradesh,Balaghat,21.80020720640569,80.42170053380796,457.0,1701698.0,1712.0,67.0,1021.0,0.0
Orissa,Baleshwar,21.48570932311624,87.08085828011933,377.0,2320529.0,7370.0,70.0,957.0,0.0
Uttar Pradesh,Ballia,25.86075638297873,84.03651978723408,193.0,3239774.0,4672.0,61.0,937.0,0.0
Uttar Pradesh,Balrampur,27.449076537911324,82.47158326180256,182.0,2148665.0,1551.0,40.0,928.0,34.95039
Gujarat,Banas Kantha,24.258538965517253,71.93205252873561,469.0,3120506.0,3424.0,55.0,938.0,0.0
Uttar Pradesh,Banda,25.351885902503284,80.52487391304344,170.0,1799410.0,1655.0,56.0,863.0,0.0
Karnataka,Bangalore Rural,12.936827087794448,77.47369314775169,583.0,990923.0,3729.0,70.0,946.0,0.0
Bihar,Banka,24.832355642023337,86.8664916342413,225.0,2034763.0,1704.0,47.0,907.0,0.0
West Bengal,Bankura,23.081280892857155,87.12640053571437,339.0,3596674.0,4273.0,62.0,957.0,15.132759
Rajasthan,Banswara,23.45364203296701,74.44246868131869,125.0,1797485.0,2324.0,46.0,980.0,27.03509
Uttar Pradesh,Bara Banki,26.922777025232424,81.35762350597606,176.0,3260699.0,3159.0,52.0,910.0,0.0
Rajasthan,Baran,24.98023243243244,76.86210651828291,128.0,1222755.0,1363.0,57.0,929.0,0.0
West Bengal,Barddhaman,23.444453888888884,87.8150581111111,335.0,7717563.0,32323.0,68.0,945.0,0.0
Uttar Pradesh,Bareilly,28.51101940789474,79.43187072368416,150.0,4448359.0,15164.0,49.0,887.0,0.0
Rajasthan,Barmer,25.77070908045978,71.50297126436782,115.0,2603751.0,2766.0,46.0,902.0,28.6683
Assam,Barpeta,26.427872264631056,90.97912010178116,303.0,1693622.0,2078.0,53.0,953.0,0.0
Madhya Pradesh,Barwani,21.702135714285724,74.91004719710673,441.0,1385881.0,1158.0,40.0,982.0,34.756783
Chhattisgarh,Bastar,19.393866751269048,81.52895126903546,414.0,1413199.0,1782.0,46.0,1023.0,26.87057
Uttar Pradesh,Basti,26.833880454545447,82.69790590909092,185.0,2464464.0,3423.0,57.0,963.0,0.0
Punjab,Bathinda,30.190524611973352,75.05685898004438,46.0,1388525.0,11284.0,61.0,868.0,0.0
Bihar,Begusarai,25.54302613168723,86.12560144032932,222.0,2970541.0,4644.0,52.0,895.0,0.0
Karnataka,Belgaum,16.16107219152853,74.72329042357275,555.0,4779661.0,17560.0,64.0,973.0,0.0
Karnataka,Bellary,15.074377548209377,76.47228471074374,565.0,2452595.0,9626.0,58.0,983.0,12.334306
Madhya Pradesh,Betul,21.96462631578948,77.7873428189117,447.0,1575362.0,2109.0,60.0,971.0,0.0
Orissa,Bhadrak,20.95262735257214,86.81496204516931,378.0,1506337.0,2637.0,73.0,981.0,0.0
Bihar,Bhagalpur,25.27719288537548,87.04213814229242,224.0,3037766.0,6764.0,52.0,880.0,0.0
Maharashtra,Bhandara,21.211792649727748,80.10950199637024,506.0,1200334.0,2932.0,75.0,982.0,0.0
Rajasthan,Bharatpur,27.32411858037578,77.21752077244258,105.0,2548462.0,4179.0,58.0,880.0,0.0
Gujarat,Bharuch,21.75787276237761,72.67326346710801,488.0,1551019.0,10257.0,72.0,925.0,0.0
Gujarat,Bhavnagar,21.70219390341736,72.16272632761141,481.0,2880365.0,7297.0,66.0,933.0,0.0
Rajasthan,Bhilwara,25.45119767759564,74.63947595628417,122.0,2408523.0,6207.0,52.0,973.0,0.0
Madhya Pradesh,Bhind,26.35951126187245,78.7618324287653,420.0,1703005.0,1166.0,64.0,837.0,0.0
Haryana,Bhiwani,28.728868064516128,76.02110225806452,81.0,1634445.0,5292.0,65.0,886.0,4.726457
Bihar,Bhojpur,25.50666439393939,84.49407803030304,231.0,2728407.0,3661.0,59.0,907.0,0.0
Madhya Pradesh,Bhopal,23.480726143790854,77.39246623093679,444.0,2371061.0,40788.0,70.0,918.0,0.0
Maharashtra,Bid,18.952353340080982,75.69319706477731,523.0,2585049.0,5614.0,66.0,916.0,0.0
Karnataka,Bidar,17.950361730769224,77.19459961538459,558.0,1703300.0,3971.0,61.0,956.0,0.0
Karnataka,Bijapur,16.84015316666667,75.95909166666665,417.0,255230.0,117.0,34.0,984.0,0.0
Karnataka,Bijapur,16.84015316666667,75.95909166666665,557.0,2177331.0,4987.0,57.0,960.0,0.0
Uttar Pradesh,Bijnor,29.313974259681096,78.45098815489754,134.0,3682713.0,7303.0,58.0,917.0,0.0
Rajasthan,Bikaner,28.12489068322981,73.26943322981371,101.0,2363937.0,7607.0,54.0,905.0,0.0
Chhattisgarh,Bilaspur,22.356942982456143,81.99770350877188,30.0,381956.0,1574.0,75.0,981.0,0.0
Chhattisgarh,Bilaspur,22.356942982456143,81.99770350877188,406.0,2663629.0,8566.0,60.0,971.0,0.0
Himachal Pradesh,Bilaspur,31.3780422907489,76.65316079295157,30.0,381956.0,1574.0,75.0,981.0,0.0
Himachal Pradesh,Bilaspur,31.3780422907489,76.65316079295157,406.0,2663629.0,8566.0,60.0,971.0,0.0
West Bengal,Birbhum,24.06389342723,87.65153089201888,334.0,3502404.0,5210.0,62.0,956.0,16.636083
Manipur,Bishnupur,24.50712111801243,93.8246236024845,275.0,237399.0,676.0,66.0,999.0,0.0
Jharkhand,Bokaro,23.6814965034965,85.98398374125864,355.0,2062330.0,9754.0,62.0,922.0,0.0
Assam,Bongaigaon,26.45012521994133,90.6734296187684,319.0,738804.0,2523.0,59.0,966.0,0.0
0,Budaun,0.0,0.0,0.0,0.0,0.0,0.0,0.0,29.738533
Uttar Pradesh,Bulandshahr,28.34875862068968,78.01082758620684,142.0,3499171.0,7865.0,58.0,896.0,0.0
Maharashtra,Buldana,20.56680611183355,76.39017880364096,500.0,2586258.0,4767.0,73.0,934.0,0.0
Rajasthan,Bundi,25.48580716049379,75.79984074074079,121.0,1110906.0,1392.0,53.0,925.0,0.0
Madhya Pradesh,Burhanpur,21.364567254408065,76.24460478589425,467.0,757847.0,986.0,54.0,951.0,0.0
Bihar,Buxar,25.48593018867924,84.08808081760995,232.0,1706352.0,1784.0,58.0,922.0,0.0
Assam,Cachar,24.815570668693017,92.86849650455927,316.0,1736617.0,5316.0,68.0,959.0,22.358594
Himachal Pradesh,Chamba,32.66741814595661,76.39354063116366,23.0,519080.0,1615.0,62.0,986.0,4.162599
Uttaranchal,Chamoli,30.58338611464965,79.56281095541402,57.0,391605.0,899.0,72.0,1019.0,0.0
Uttaranchal,Champawat,29.29142393939393,80.07720212121217,65.0,259648.0,548.0,68.0,980.0,9.980288
Mizoram,Champhai,23.54166580976866,93.24221799485862,284.0,125745.0,186.0,80.0,984.0,3.175642
Uttar Pradesh,Chandauli,25.1180859611231,83.25307062634984,196.0,1952756.0,3492.0,60.0,918.0,0.0
Manipur,Chandel,24.2635812987013,94.09443844155844,280.0,144182.0,184.0,63.0,933.0,10.719104
Chandigarh,Chandigarh,30.7426,76.75872465753424,55.0,1055450.0,44283.0,76.0,818.0,0.0
Maharashtra,Chandrapur,20.095609090909075,79.31556380471388,509.0,2204307.0,8239.0,72.0,961.0,0.0
Arunachal Pradesh,Changlang,27.36048479338845,96.37552644628106,253.0,148226.0,170.0,49.0,926.0,12.919264
Jharkhand,Chatra,24.11619945750453,84.93295804701627,347.0,1042886.0,590.0,49.0,953.0,27.982769
Tamil Nadu,Chennai,13.058098905608748,80.28139151846806,603.0,4646732.0,217368.0,81.0,989.0,0.0
Madhya Pradesh,Chhatarpur,24.813637376460004,79.56449299191374,425.0,1762375.0,1880.0,54.0,883.0,0.0
Madhya Pradesh,Chhindwara,22.227966971713823,78.76413136439254,455.0,2090922.0,3588.0,62.0,964.0,0.0
Karnataka,Chikmagalur,13.425288289676422,75.67626502311249,570.0,1137961.0,4510.0,72.0,1008.0,0.0
Karnataka,Chitradurga,14.29102220394736,76.57821957236843,566.0,1659456.0,5711.0,66.0,974.0,0.0
Uttar Pradesh,Chitrakoot,25.159924623803,81.07666087551297,171.0,991730.0,827.0,54.0,879.0,0.0
Rajasthan,Chittaurgarh,24.631623761665463,74.80010997846382,126.0,1544338.0,4941.0,53.0,972.0,0.0
Andhra Pradesh,Chittoor,13.33109263067696,78.92763898886037,554.0,4174064.0,13763.0,64.0,997.0,0.0
Manipur,Churachandpur,24.30309718875504,93.38671506024085,274.0,274143.0,837.0,71.0,975.0,9.371423
Rajasthan,Churu,28.29330375536484,74.65846427038629,102.0,2039547.0,2577.0,56.0,940.0,0.0
Tamil Nadu,Coimbatore,10.871376995940452,77.07619012178621,632.0,3458045.0,63273.0,76.0,1000.0,0.0
Tamil Nadu,Cuddalore,11.57587300613498,79.63002365371497,617.0,2605914.0,15396.0,70.0,987.0,0.0
Orissa,Cuttack,20.407640646029623,85.7776810228802,381.0,2624470.0,15046.0,77.0,940.0,0.0
0,Dakshin Bastar Dantewada,0.0,0.0,0.0,0.0,0.0,0.0,0.0,32.26211
West Bengal,Dakshin Dinajpur,25.342094363021435,88.69821679819614,331.0,1676276.0,2518.0,65.0,956.0,0.0
Daman and Diu,Daman,20.43161666666668,72.8392366071429,495.0,191173.0,1316.0,79.0,534.0,0.0
Madhya Pradesh,Damoh,23.76624407960196,79.47049303482588,428.0,1264219.0,1432.0,59.0,910.0,0.0
Bihar,Darbhanga,26.146187719298258,85.97387352472099,215.0,3937385.0,6280.0,46.0,911.0,0.0
West Bengal,Darjiling,26.839619571045585,88.33145067024122,327.0,1846823.0,10943.0,71.0,970.0,0.0
Assam,Darrang,26.58463215962442,92.04141338028155,325.0,928500.0,1166.0,52.0,954.0,0.0
Madhya Pradesh,Datia,25.90226439560441,78.63916571428574,422.0,786754.0,616.0,62.0,873.0,0.0
Rajasthan,Dausa,26.91234817629181,76.57342097264443,109.0,1634409.0,1719.0,57.0,905.0,0.0
Karnataka,Davanagere,14.330414586709884,75.91723841166937,567.0,1945497.0,7320.0,67.0,972.0,0.0
Jharkhand,Deoghar,24.33070100755672,86.75697632241814,350.0,1492073.0,1944.0,53.0,925.0,0.0
Uttar Pradesh,Deoria,26.42218856548857,83.8244070686071,190.0,3100946.0,4469.0,60.0,1017.0,0.0
Madhya Pradesh,Dewas,22.7851110021322,76.46088805970157,437.0,1563715.0,3518.0,59.0,942.0,0.0
Tripura,Dhalai,23.781360477941163,91.94654283088232,291.0,378230.0,273.0,73.0,944.0,0.0
Chhattisgarh,Dhamtari,20.554912627291245,81.7569195519348,412.0,799781.0,1016.0,68.0,1010.0,0.0
Jharkhand,Dhanbad,23.854509090909097,86.40372924901185,354.0,2684487.0,11568.0,64.0,909.0,0.0
Madhya Pradesh,Dhar,22.57268171896316,75.1105620736698,438.0,2185793.0,2388.0,49.0,964.0,0.0
Tamil Nadu,Dharmapuri,12.300141200000006,78.11509813333339,630.0,1506843.0,3651.0,61.0,946.0,0.0
Karnataka,Dharwad,15.343831376975173,75.13831264108359,562.0,1847023.0,15013.0,70.0,971.0,0.0
Rajasthan,Dhaulpur,26.72397054945053,77.74476219780222,106.0,1206516.0,1330.0,57.0,846.0,0.0
Assam,Dhemaji,27.586533438485816,94.71336908517353,308.0,686133.0,1192.0,62.0,953.0,0.0
Orissa,Dhenkanal,20.79887159353349,85.53226836027711,383.0,1192811.0,1810.0,70.0,947.0,0.0
0,Dhubri,0.0,0.0,0.0,0.0,0.0,0.0,0.0,24.239511
Maharashtra,Dhule,21.27401869040052,74.58719071837263,498.0,2050862.0,6065.0,63.0,946.0,16.750633
Assam,Dibrugarh,27.30612284482757,95.0998282327587,310.0,1326335.0,8817.0,67.0,961.0,0.0
Nagaland,Dimapur,25.814176811594223,93.75074057971014,265.0,378811.0,3303.0,73.0,919.0,0.0
Tamil Nadu,Dindigul,10.377801390820574,77.78011279554937,612.0,2159775.0,9155.0,69.0,998.0,0.0
Madhya Pradesh,Dindori,22.83738437047757,81.04332966714911,453.0,704524.0,554.0,54.0,1002.0,27.796643
Jammu and Kashmir,Doda,33.359614675767915,76.07163720136518,16.0,409936.0,596.0,53.0,919.0,13.803212
0,Dohad,0.0,0.0,0.0,0.0,0.0,0.0,0.0,26.806336
Jharkhand,Dumka,24.275006125574265,87.27662450229711,362.0,1321442.0,1193.0,51.0,977.0,26.539828
Rajasthan,Dungarpur,23.75104807692308,73.84765641025645,124.0,1388552.0,1477.0,49.0,994.0,0.0
Chhattisgarh,Durg,21.194463849287164,81.33181639511197,409.0,3343872.0,16141.0,69.0,988.0,0.0
Sikkim,East,27.29600352941175,88.74908392156858,93.0,1709346.0,80037.0,79.0,884.0,0.0
Meghalaya,East Garo Hills,25.82728228228228,90.64684924924916,294.0,317917.0,288.0,60.0,972.0,19.178094
Andhra Pradesh,East Godavari,16.782718320784902,82.2432074720511,545.0,5154296.0,22411.0,64.0,1006.0,0.0
Arunachal Pradesh,East Kameng,27.371194055944056,93.04741486013997,247.0,78690.0,57.0,49.0,1029.0,19.087748
Meghalaya,East Khasi Hills,25.303763888888884,91.75922519841272,298.0,825922.0,5032.0,70.0,1011.0,0.0
Arunachal Pradesh,East Siang,28.15382352941176,95.06499226006191,251.0,99214.0,450.0,63.0,980.0,0.0
Kerala,Ernakulam,10.004879301987431,76.26957729035381,595.0,3282388.0,88737.0,87.0,1027.0,0.0
Tamil Nadu,Erode,11.267012155963302,77.42034334862392,610.0,2251744.0,18604.0,66.0,993.0,0.0
Uttar Pradesh,Etah,27.591155309734443,78.70021858407083,201.0,1774480.0,2635.0,59.0,873.0,0.0
Uttar Pradesh,Etawah,26.78817670157068,79.07621806282728,161.0,1581810.0,2964.0,67.0,870.0,0.0
Uttar Pradesh,Faizabad,26.60589185185181,82.00783530864202,177.0,2470996.0,4746.0,59.0,962.0,0.0
Haryana,Faridabad,28.14873109756098,77.32718536585368,88.0,1809733.0,43437.0,70.0,873.0,0.0
Punjab,Faridkot,30.591187250996025,74.79751553784862,45.0,617508.0,4348.0,62.0,890.0,0.0
Uttar Pradesh,Farrukhabad,27.45063297872342,79.4406284574468,159.0,1885204.0,2624.0,58.0,874.0,0.0
Haryana,Fatehabad,29.57298318584072,75.54608716814157,78.0,942011.0,3210.0,59.0,902.0,0.0
Punjab,Fatehgarh Sahib,30.64290947368421,76.36208394736842,40.0,600163.0,5138.0,71.0,871.0,0.0
Uttar Pradesh,Fatehpur,25.8374362030905,80.85416203090509,172.0,2632733.0,3385.0,57.0,901.0,0.0
Uttar Pradesh,Firozabad,27.20963993055552,78.42660624999998,147.0,2498156.0,5834.0,61.0,875.0,0.0
Punjab,Firozpur,30.63407535211269,74.40245732394365,43.0,2029074.0,10042.0,60.0,893.0,4.670667
Karnataka,Gadag,15.507128256880746,75.64861302752298,561.0,1064570.0,3373.0,66.0,982.0,0.0
Orissa,Gajapati,19.121080882352945,84.14015091911759,389.0,577817.0,635.0,45.0,1043.0,0.0
Gujarat,Gandhinagar,23.19367979002625,72.67221679790026,473.0,1391753.0,12107.0,74.0,923.0,0.0
Rajasthan,Ganganagar,29.256785412667963,73.56192303262948,99.0,1969168.0,6295.0,61.0,887.0,0.0
Orissa,Ganjam,19.2632617564534,84.80297710437702,388.0,3529031.0,9049.0,63.0,983.0,0.0
Jharkhand,Garhwa,24.082114689265527,83.68664265536722,346.0,1322784.0,565.0,49.0,935.0,0.0
Uttar Pradesh,Gautam Buddha Nagar,28.39331103896104,77.52462467532465,141.0,1648115.0,53181.0,68.0,851.0,0.0
Bihar,Gaya,24.7266541547278,84.94291217765044,236.0,4391418.0,6856.0,52.0,937.0,0.0
Uttar Pradesh,Ghaziabad,28.74997308584685,77.67441879350343,140.0,4681645.0,78116.0,67.0,881.0,0.0
Uttar Pradesh,Ghazipur,25.624724775583484,83.5360854578097,195.0,3620268.0,5309.0,61.0,952.0,0.0
Jharkhand,Giridih,24.30578509874329,86.08710915619386,349.0,2445474.0,1944.0,51.0,944.0,0.0
Assam,Goalpara,26.017277777777807,90.59869891598912,302.0,1008183.0,1364.0,56.0,964.0,19.505473
Jharkhand,Godda,24.8189,87.2941735483871,351.0,1313551.0,874.0,46.0,938.0,0.0
Assam,Golaghat,26.377219709794485,93.82583397823468,313.0,1066888.0,3073.0,68.0,964.0,0.0
Uttar Pradesh,Gonda,27.157215552099505,82.0226888024882,183.0,3433919.0,4313.0,49.0,921.0,0.0
Maharashtra,Gondiya,21.225008411215,80.17522698598128,507.0,1322507.0,2866.0,76.0,999.0,0.0
Bihar,Gopalganj,26.44874364161851,84.34636127167629,217.0,2562012.0,3707.0,54.0,1021.0,0.0
Uttar Pradesh,Gorakhpur,26.63315886792452,83.3549560377358,188.0,4440895.0,14597.0,61.0,950.0,0.0
Karnataka,Gulbarga,17.070459515951594,76.87503850385033,579.0,2566326.0,9752.0,56.0,971.0,0.0
Jharkhand,Gumla,23.078532948929148,84.55056787479396,366.0,1025213.0,831.0,55.0,993.0,0.0
Madhya Pradesh,Guna,24.49043927178156,77.2235895968791,458.0,1241519.0,2482.0,53.0,912.0,0.0
Andhra Pradesh,Guntur,15.884925767634847,80.58657614107885,548.0,4887813.0,19383.0,61.0,1003.0,0.0
Punjab,Gurdaspur,32.04283371212125,75.3204064393939,35.0,2298323.0,14428.0,71.0,895.0,0.0
Haryana,Gurgaon,28.043894789579163,77.01935130260523,86.0,1514432.0,67087.0,73.0,854.0,0.0
Madhya Pradesh,Gwalior,26.04074441964285,78.12782433035713,421.0,2032036.0,15779.0,67.0,864.0,0.0
Assam,Hailakandi,24.457496089385486,92.59154664804475,318.0,659296.0,1211.0,62.0,951.0,26.755972
Himachal Pradesh,Hamirpur,31.67668481012659,76.49767088607594,28.0,454768.0,2521.0,79.0,1095.0,0.0
Himachal Pradesh,Hamirpur,31.67668481012659,76.49767088607594,168.0,1104285.0,1196.0,59.0,861.0,0.0
Uttar Pradesh,Hamirpur,25.73815838150289,79.82619479768789,28.0,454768.0,2521.0,79.0,1095.0,0.0
Uttar Pradesh,Hamirpur,25.73815838150289,79.82619479768789,168.0,1104285.0,1196.0,59.0,861.0,0.0
Rajasthan,Hanumangarh,29.1813351791531,74.74632573289902,100.0,1774692.0,3360.0,58.0,906.0,0.0
West Bengal,Haora,22.401674174428507,87.99421176968654,341.0,4850029.0,30751.0,74.0,939.0,0.0
Madhya Pradesh,Harda,22.227659781121783,77.07022571819435,448.0,570465.0,986.0,62.0,935.0,0.0
Uttar Pradesh,Hardoi,27.337409090909137,80.26411767676768,155.0,4092845.0,3845.0,54.0,868.0,0.0
0,Hardwar,0.0,0.0,0.0,0.0,0.0,0.0,0.0,10.122294
Karnataka,Hassan,12.945098749999998,76.11049549999997,574.0,1776421.0,4851.0,69.0,1010.0,0.0
Karnataka,Haveri,14.737582809224318,75.3961230607966,564.0,1597668.0,2456.0,68.0,950.0,0.0
Maharashtra,Hingoli,19.59525302245251,77.09239412780653,512.0,1177345.0,1221.0,67.0,942.0,12.830902
Haryana,Hisar,29.23628731117825,75.84324682779452,80.0,1743931.0,10132.0,64.0,872.0,0.0
Madhya Pradesh,Hoshangabad,22.595268801996703,78.02168094841929,449.0,1241350.0,2871.0,65.0,914.0,0.0
Punjab,Hoshiarpur,31.55157169811319,75.8469857442349,38.0,1586625.0,13747.0,76.0,961.0,0.0
West Bengal,Hugli,22.87929264705881,88.00010264705891,338.0,5519145.0,31725.0,74.0,961.0,0.0
Andhra Pradesh,Hyderabad,17.38971555555556,78.46668888888888,536.0,3943323.0,149034.0,73.0,954.0,0.0
Kerala,Idukki,9.80480963855423,77.04586641566264,596.0,1108974.0,8250.0,83.0,1006.0,0.767916
Madhya Pradesh,Indore,22.680265752128648,75.9133801324502,439.0,3276697.0,48691.0,70.0,928.0,0.0
Madhya Pradesh,Jabalpur,23.18525572327043,79.98328754716981,451.0,2463289.0,20443.0,71.0,929.0,0.0
Meghalaya,Jaintia Hills,25.33959557069844,92.37608160136298,299.0,395124.0,510.0,47.0,1013.0,21.284018
Rajasthan,Jaipur,27.033459290187885,75.77117286012533,110.0,6626178.0,76565.0,65.0,910.0,0.0
Rajasthan,Jaisalmer,26.86900838548185,71.18371877346682,114.0,669919.0,754.0,46.0,852.0,27.484687
Punjab,Jalandhar,31.250336907216507,75.54400350515463,37.0,2193590.0,39082.0,74.0,915.0,0.0
Uttar Pradesh,Jalaun,26.067954587155988,79.36686911314993,165.0,1689974.0,2217.0,64.0,865.0,0.0
Maharashtra,Jalgaon,20.8828943415638,75.55140421810695,499.0,4229917.0,14297.0,68.0,925.0,0.0
Maharashtra,Jalna,19.984612534818933,75.98473607242339,514.0,1959046.0,3791.0,61.0,937.0,13.781664
Rajasthan,Jalor,25.07578093797277,72.18647261724662,116.0,1828730.0,1585.0,45.0,952.0,0.0
West Bengal,Jalpaiguri,26.62642031250004,89.04154375000003,328.0,3872846.0,9322.0,65.0,953.0,0.0
Jammu and Kashmir,Jammu,32.713199095022645,74.8477520361991,21.0,1529958.0,19905.0,74.0,880.0,0.0
Gujarat,Jamnagar,22.410600414263328,69.62062005768233,477.0,2160119.0,11573.0,65.0,939.0,0.0
Jharkhand,Jamtara,23.97873318077801,86.95325080091534,363.0,791042.0,808.0,54.0,954.0,0.0
Bihar,Jamui,24.78418380462726,86.26316298200514,238.0,1760405.0,1839.0,49.0,922.0,0.0
Chhattisgarh,Jashpur,22.77286167664669,83.8703962075848,402.0,851669.0,567.0,58.0,1005.0,22.882584
Uttar Pradesh,Jaunpur,25.70141280913127,82.54315351934063,194.0,4494204.0,8002.0,61.0,1024.0,0.0
Bihar,Jehanabad,25.155679045643165,84.9208124481328,239.0,1125313.0,1106.0,55.0,922.0,0.0
Madhya Pradesh,Jhabua,22.419578015397768,74.40921616766468,464.0,1025048.0,744.0,34.0,990.0,37.02986
Haryana,Jhajjar,28.59651868131869,76.61137142857145,83.0,958405.0,5034.0,71.0,862.0,0.0
Rajasthan,Jhalawar,24.24725541474657,76.11242891705065,129.0,1411129.0,1750.0,52.0,946.0,0.0
Uttar Pradesh,Jhansi,25.45581535234902,78.89954580536917,166.0,1998603.0,8517.0,65.0,890.0,0.0
Orissa,Jharsuguda,21.827058566978184,83.93581682242987,371.0,579505.0,2498.0,70.0,953.0,0.0
Rajasthan,Jhunjhunun,28.13517401247401,75.52840893970894,103.0,2137045.0,4828.0,64.0,950.0,0.0
Haryana,Jind,29.45149821958457,76.29598575667653,77.0,1334152.0,5263.0,62.0,871.0,0.0
Rajasthan,Jodhpur,26.678460838536967,73.00450847457628,113.0,3687165.0,19335.0,55.0,916.0,0.0
Assam,Jorhat,26.76244824016563,94.30197722567289,312.0,1092256.0,5651.0,73.0,962.0,0.0
Daman and Diu,Junagadh,20.72568199498111,70.83985639899612,479.0,2743082.0,6628.0,67.0,953.0,0.0
Gujarat,Junagadh,20.929523011609785,70.54733890140345,479.0,2743082.0,6628.0,67.0,953.0,0.0
Uttar Pradesh,Jyotiba Phule Nagar,28.8704989847716,78.39009365482241,137.0,1840221.0,2825.0,53.0,910.0,0.0
Gujarat,Kachchh,23.48057203301311,68.82192301497916,468.0,2092371.0,9631.0,60.0,908.0,0.0
Haryana,Kaithal,29.96068539094649,76.37698930041155,73.0,1074304.0,3724.0,60.0,881.0,0.0
Orissa,Kalahandi,19.784253092783523,83.1124043814433,395.0,1576869.0,1953.0,51.0,1003.0,24.864161
Assam,Kamrup,26.170939452054807,91.58863273972592,321.0,1517542.0,3109.0,66.0,949.0,0.0
Tamil Nadu,Kancheepuram,12.496424756511884,80.08820360135913,604.0,3998252.0,100322.0,75.0,986.0,0.0
Orissa,Kandhamal,20.092878624813142,84.02216352765326,390.0,733110.0,768.0,55.0,1037.0,0.0
Himachal Pradesh,Kangra,32.14093603238864,76.41205910931173,24.0,1510075.0,8053.0,76.0,1012.0,0.0
Uttar Pradesh,Kannauj,26.993988617886185,79.64437940379408,160.0,1656616.0,2488.0,61.0,879.0,0.0
Tamil Nadu,Kanniyakumari,8.183466300191206,77.32053064053538,629.0,1870374.0,15673.0,83.0,1019.0,0.0
Kerala,Kannur,11.941523076923056,75.35209891725934,589.0,2523003.0,32653.0,85.0,1136.0,0.0
Uttar Pradesh,Kanpur Dehat,26.43047641196011,79.98710083056478,163.0,1796184.0,2682.0,65.0,865.0,0.0
Punjab,Kapurthala,31.33659263803684,75.47641165644177,36.0,815168.0,9732.0,71.0,912.0,0.0
Puducherry,Karaikal,10.876161726078813,79.82369793621002,637.0,200222.0,1868.0,77.0,1047.0,0.0
Rajasthan,Karauli,26.51901555555556,76.96081818181815,107.0,1458248.0,1059.0,55.0,861.0,0.0
Assam,Karbi Anglong,26.08966454598031,93.11536570271832,314.0,956313.0,1923.0,58.0,951.0,0.0
Jammu and Kashmir,Kargil,33.565994894894914,76.63675315315312,4.0,140802.0,235.0,61.0,810.0,0.0
Assam,Karimganj,24.69660712250711,92.3679498575498,317.0,1228686.0,1933.0,65.0,963.0,22.3364
Andhra Pradesh,Karimnagar,18.515483193277312,79.43765428571413,534.0,3776269.0,8831.0,58.0,1008.0,0.0
Haryana,Karnal,29.703200647249204,76.87488025889972,74.0,1505324.0,11163.0,65.0,887.0,0.0
Tamil Nadu,Karur,10.79532776617955,78.08749686847604,613.0,1064493.0,4915.0,68.0,1015.0,0.0
Kerala,Kasaragod,12.33310309912974,75.07768497134369,588.0,1307375.0,10378.0,79.0,1080.0,0.844426
Jammu and Kashmir,Kathua,32.51781678321678,75.58901398601404,7.0,616435.0,1443.0,63.0,890.0,0.0
Bihar,Katihar,25.56565356037151,87.70466083591326,212.0,3071029.0,2941.0,42.0,919.0,0.0
Madhya Pradesh,Katni,23.724416229116937,80.33819665871127,450.0,1292042.0,2179.0,61.0,952.0,0.0
Uttar Pradesh,Kaushambi,25.53587532051282,81.41811282051287,174.0,1599596.0,1503.0,51.0,908.0,0.0
Orissa,Kendrapara,20.606319815982264,86.83763247572003,379.0,1440361.0,1628.0,76.0,1007.0,0.0
Bihar,Khagaria,25.53558891454964,86.56593256351037,223.0,1666886.0,1580.0,46.0,886.0,0.0
Andhra Pradesh,Khammam,17.683921325051784,80.67008643892335,541.0,2797370.0,8628.0,58.0,1011.0,0.0
Gujarat,Kheda,22.88765312500002,73.018803515625,483.0,2299885.0,5710.0,72.0,940.0,0.0
0,Kheri,0.0,0.0,0.0,0.0,0.0,0.0,0.0,30.128713
Orissa,Khordha,20.054162322274863,85.52234834123229,386.0,2251673.0,35701.0,78.0,929.0,0.0
Himachal Pradesh,Kinnaur,31.60667184065933,78.51613736263741,34.0,84121.0,354.0,72.0,819.0,0.0
0,Kiphire,0.0,0.0,0.0,0.0,0.0,0.0,0.0,13.279098
Bihar,Kishanganj,26.32433675832129,87.95045007235886,210.0,1690400.0,1093.0,44.0,950.0,32.5327
0,Kishtwar,0.0,0.0,0.0,0.0,0.0,0.0,0.0,12.622654
Karnataka,Kodagu,12.39684468085106,75.79336595744688,576.0,554519.0,3308.0,74.0,1019.0,0.0
Nagaland,Kohima,25.60311428571428,93.78600657596373,270.0,267988.0,1928.0,74.0,928.0,0.0
Assam,Kokrajhar,26.497246635730868,90.13997470997688,300.0,887142.0,1218.0,55.0,959.0,0.0
Karnataka,Kolar,13.312799881235172,78.01376947743476,581.0,1536401.0,5051.0,66.0,979.0,0.0
Mizoram,Kolasib,24.2020004347826,92.73470391304348,282.0,83955.0,367.0,78.0,956.0,4.080039
Maharashtra,Kolhapur,16.44881301587301,74.12897150793648,530.0,3876001.0,22269.0,73.0,957.0,0.0
West Bengal,Kolkata,22.550581481481483,88.3527648148148,342.0,4496694.0,136618.0,80.0,908.0,0.0
Kerala,Kollam,8.929388820570157,76.6360775852431,600.0,2635375.0,31542.0,85.0,1113.0,0.588565
Karnataka,Koppal,15.651253271028034,76.1617048598131,560.0,1389920.0,2135.0,58.0,986.0,12.160031
Orissa,Koraput,18.82627794779476,82.81278469846964,398.0,1379647.0,3988.0,41.0,1032.0,27.522922
Chhattisgarh,Korba,22.491712499999995,82.57604326923074,404.0,1206640.0,4544.0,62.0,969.0,0.0
Chhattisgarh,Koriya,23.50412776859501,82.12515636363635,400.0,658917.0,1667.0,60.0,968.0,0.0
Rajasthan,Kota,25.175718080000014,76.18618928000001,127.0,1951014.0,12843.0,67.0,911.0,0.0
Kerala,Kottayam,9.643701174068417,76.46059673302705,597.0,1974551.0,37849.0,89.0,1039.0,0.0
Kerala,Kozhikode,11.392924270557026,75.71158720159153,591.0,3086293.0,36791.0,85.0,1098.0,0.0
Andhra Pradesh,Krishna,16.143872753151673,81.14805061000413,547.0,4517398.0,30438.0,67.0,992.0,0.0
Himachal Pradesh,Kullu,31.90911922077925,77.40922649350647,26.0,437903.0,2623.0,70.0,942.0,3.987695
Andhra Pradesh,Kurnool,15.43759715142429,77.90086836581717,552.0,4053463.0,10081.0,52.0,988.0,10.198907
Haryana,Kurukshetra,30.05652659846548,76.78774680306903,72.0,964655.0,7356.0,67.0,888.0,0.0
Arunachal Pradesh,Kurung Kumey,28.04853351800553,93.24531994459834,256.0,92076.0,95.0,40.0,1032.0,16.116661
Uttar Pradesh,Kushinagar,26.892530675909864,83.92261542461007,189.0,3564544.0,3486.0,55.0,961.0,0.0
0,Lahul And Spiti,0.0,0.0,0.0,0.0,0.0,0.0,0.0,3.552708
Assam,Lakhimpur,27.14128805970149,94.0775949253732,307.0,1042137.0,1948.0,66.0,968.0,0.0
Bihar,Lakhisarai,25.183449321266963,86.12825701357468,227.0,1000912.0,1186.0,51.0,902.0,0.0
Uttar Pradesh,Lalitpur,24.58877161016945,78.60082330508473,167.0,1221592.0,1079.0,52.0,906.0,0.0
Jharkhand,Latehar,23.72511185840708,84.48298743362837,359.0,726978.0,340.0,48.0,967.0,0.0
Maharashtra,Latur,18.348687268993856,76.75812607802874,524.0,2454196.0,6217.0,67.0,928.0,0.0
Mizoram,Lawngtlai,22.36102843137253,92.66964156862753,287.0,117894.0,162.0,53.0,945.0,15.230952
Jharkhand,Lohardaga,23.488796043165483,84.6605169064748,356.0,461790.0,351.0,56.0,985.0,0.0
Arunachal Pradesh,Lohit,27.946785273972623,96.59670770547945,259.0,145726.0,312.0,57.0,912.0,15.468656
0,Longleng,0.0,0.0,0.0,0.0,0.0,0.0,0.0,13.859149
Arunachal Pradesh,Lower Dibang Valley,28.32651730103806,95.76567335640142,258.0,54080.0,207.0,59.0,928.0,0.0
Arunachal Pradesh,Lower Subansiri,27.70849297297297,93.96226108108112,255.0,83030.0,381.0,65.0,984.0,0.0
Uttar Pradesh,Lucknow,26.838233589251463,80.89706026871404,157.0,4589838.0,68506.0,68.0,917.0,0.0
Punjab,Ludhiana,30.76596397379912,75.83110851528383,41.0,3498739.0,58589.0,73.0,873.0,0.0
Mizoram,Lunglei,23.007717036172675,92.63512555425892,286.0,161428.0,482.0,75.0,947.0,4.346209
Bihar,Madhepura,25.77341929460581,86.8978443983403,213.0,2001762.0,1397.0,42.0,911.0,33.740048
Bihar,Madhubani,26.41380538172716,86.16328360450552,207.0,4487379.0,5319.0,48.0,926.0,0.0
Tamil Nadu,Madurai,9.904313833333331,78.01366033333332,623.0,3038252.0,34097.0,75.0,990.0,0.0
Chhattisgarh,Mahasamund,21.223727037773354,82.65925427435384,411.0,1032754.0,961.0,62.0,1017.0,0.0
Andhra Pradesh,Mahbubnagar,16.639546224256293,77.98933089244859,538.0,4053028.0,6153.0,48.0,977.0,12.263812
Puducherry,Mahe,12.006420793787758,75.28275021570326,636.0,41816.0,574.0,87.0,1184.0,0.0
Haryana,Mahendragarh,28.1352161458333,76.14018072916659,84.0,922088.0,2624.0,68.0,895.0,0.0
Gujarat,Mahesana,23.529355452865065,72.45545194085031,471.0,2035064.0,7759.0,74.0,926.0,0.0
Uttar Pradesh,Mahoba,25.34529670138888,79.67863003472216,169.0,875958.0,1316.0,56.0,878.0,0.0
Uttar Pradesh,Mainpuri,27.17386862302482,79.03501851015807,148.0,1868529.0,2642.0,64.0,881.0,0.0
Kerala,Malappuram,10.97329875666072,75.93910775606876,592.0,4112920.0,27909.0,81.0,1098.0,0.565493
West Bengal,Maldah,25.08026802575105,88.17191684549356,332.0,3988845.0,5357.0,52.0,944.0,16.516493
Orissa,Malkangiri,18.25227930367506,81.98293636363628,399.0,613192.0,448.0,40.0,1020.0,32.721628
Mizoram,Mamit,23.73852942502819,92.4330803833147,281.0,86364.0,90.0,70.0,927.0,12.822029
Himachal Pradesh,Mandi,31.635805940594054,76.96556930693067,27.0,999777.0,5333.0,72.0,1007.0,0.0
Madhya Pradesh,Mandla,22.70348712446353,80.38600543633753,454.0,1054905.0,912.0,57.0,1008.0,0.0
Madhya Pradesh,Mandsaur,24.19278764044944,75.43588667736759,433.0,1340411.0,2324.0,62.0,963.0,0.0
Karnataka,Mandya,12.574901806239744,76.81570098522172,573.0,1805769.0,3367.0,64.0,995.0,0.0
Punjab,Mansa,29.919547714285724,75.4304922857143,47.0,769751.0,2673.0,55.0,883.0,4.565789
Uttar Pradesh,Mathura,27.59390432801821,77.62153416856502,145.0,2547184.0,8726.0,59.0,863.0,0.0
Uttar Pradesh,Mau,26.01082203791469,83.50582654028433,192.0,2205968.0,2656.0,62.0,979.0,0.0
Orissa,Mayurbhanj,21.897621545157754,86.4030408052231,376.0,2519738.0,2950.0,54.0,1006.0,0.0
Andhra Pradesh,Medak,17.889304978038055,78.13778901903379,535.0,3033288.0,8635.0,54.0,992.0,8.957221
Uttar Pradesh,Meerut,29.02957625698323,77.80611005586593,138.0,3443689.0,23717.0,62.0,886.0,0.0
0,Mewat,0.0,0.0,0.0,0.0,0.0,0.0,0.0,29.11391
Uttar Pradesh,Mirzapur,25.10207959183675,82.60126628571429,199.0,2496970.0,4447.0,57.0,903.0,0.0
Punjab,Moga,30.756540067340065,75.1600845117845,42.0,995746.0,7897.0,63.0,893.0,0.0
Nagaland,Mokokchung,26.478911764705888,94.522426006192,262.0,194622.0,537.0,82.0,925.0,0.0
Nagaland,Mon,26.69207374301676,95.03072988826828,261.0,250260.0,178.0,48.0,899.0,18.360279
Uttar Pradesh,Moradabad,28.851770406189537,78.73580193423597,135.0,4772006.0,11690.0,47.0,906.0,0.0
Madhya Pradesh,Morena,26.37313504531724,77.88447341389724,419.0,1965970.0,1781.0,60.0,840.0,0.0
Punjab,Muktsar,30.31243303303303,74.5518747747748,44.0,901896.0,4571.0,58.0,896.0,3.862615
Bihar,Munger,25.198537962962963,86.54173672839504,226.0,1367765.0,2653.0,59.0,876.0,0.0
West Bengal,Murshidabad,24.25950655391121,88.16816860465121,333.0,7103807.0,7951.0,57.0,958.0,0.0
Uttar Pradesh,Muzaffarnagar,29.470507977736563,77.64017847866423,133.0,4143512.0,10077.0,58.0,889.0,0.0
Bihar,Muzaffarpur,26.18664417177915,85.32745092024543,216.0,4801062.0,10290.0,52.0,900.0,0.0
Karnataka,Mysore,12.248100259403367,76.52881802853437,577.0,3001127.0,28397.0,65.0,985.0,0.0
0,Nabarangapur,0.0,0.0,0.0,0.0,0.0,0.0,0.0,30.831197
West Bengal,Nadia,23.56410971055088,88.58293034547152,336.0,5167600.0,12787.0,67.0,947.0,0.0
Assam,Nagaon,26.26462170626351,92.9306191144708,305.0,2823768.0,5121.0,61.0,962.0,0.0
Tamil Nadu,Nagapattinam,10.789468161718286,79.79437299431483,618.0,1616450.0,5585.0,75.0,1025.0,0.0
Rajasthan,Nagaur,27.07862016048146,74.14215667001012,112.0,3307743.0,4449.0,53.0,950.0,0.0
Maharashtra,Nagpur,21.196556862745105,79.02166176470584,505.0,4653570.0,57964.0,79.0,951.0,0.0
Bihar,Nalanda,25.229345508982053,85.48053113772461,229.0,2877653.0,4156.0,53.0,922.0,0.0
Assam,Nalbari,26.46323767605632,91.40598521126763,323.0,771639.0,1631.0,69.0,949.0,0.0
Andhra Pradesh,Nalgonda,17.113250515463907,79.16984453608244,539.0,3488809.0,7715.0,57.0,983.0,8.645778
Tamil Nadu,Namakkal,11.33766638477801,78.14624841437633,609.0,1726601.0,8960.0,68.0,986.0,0.0
Maharashtra,Nanded,19.209316983017,77.6829048951049,511.0,3361292.0,7548.0,65.0,943.0,12.555026
Maharashtra,Nandurbar,21.523175625248147,74.32638757443429,497.0,1648295.0,2579.0,55.0,978.0,29.978665
0,Narayanpur,0.0,0.0,0.0,0.0,0.0,0.0,0.0,28.131403
Gujarat,Narmada,21.70666386292833,73.68403208722742,487.0,590297.0,576.0,63.0,961.0,18.45365
Maharashtra,Nashik,20.266912871287143,74.03824168316828,516.0,6107187.0,45039.0,71.0,934.0,0.0
Gujarat,Navsari,20.866973318871995,72.86184869848157,490.0,1329672.0,6726.0,75.0,961.0,0.0
Bihar,Nawada,24.825708836206903,85.61594568965519,237.0,2219146.0,1841.0,49.0,939.0,0.0
Orissa,Nayagarh,20.192895622119817,85.05614700460825,385.0,962789.0,1163.0,71.0,915.0,0.0
Madhya Pradesh,Neemuch,24.70311893333336,75.06608186666664,432.0,826067.0,1945.0,62.0,954.0,0.0
Andhra Pradesh,Nizamabad,18.429485849056604,78.07523490566035,533.0,2551335.0,5261.0,54.0,1040.0,10.214848
Goa,North Goa,15.548723418714054,73.80667997909038,585.0,818008.0,23440.0,81.0,963.0,0.0
Tripura,North Tripura,24.121739755351683,92.17842538226292,292.0,693947.0,997.0,75.0,967.0,0.0
Orissa,Nuapada,20.47130951219512,82.59152536585364,394.0,610382.0,757.0,49.0,1021.0,0.0
Maharashtra,Osmanabad,18.19459456066944,75.99495575313809,525.0,1657576.0,3209.0,69.0,924.0,0.0
Jharkhand,Pakur,24.57260428082189,87.69691969178076,353.0,900422.0,328.0,39.0,989.0,32.222743
Kerala,Palakkad,10.784926903553291,76.49980490693744,593.0,2809934.0,27162.0,80.0,1067.0,0.0
Jharkhand,Palamu,24.196925968109337,84.20310842824594,358.0,1939869.0,2155.0,53.0,928.0,0.0
Rajasthan,Pali,25.80490393541874,73.55285640766907,118.0,2037573.0,4043.0,53.0,987.0,0.0
0,Palwal,0.0,0.0,0.0,0.0,0.0,0.0,0.0,10.430929
Gujarat,Panch Mahals,22.80435606837605,73.61984598290586,484.0,2390776.0,3456.0,60.0,949.0,0.0
Haryana,Panchkula,30.700897142857134,76.97173238095236,69.0,561293.0,18615.0,72.0,873.0,0.0
0,Panchmahal,0.0,0.0,0.0,0.0,0.0,0.0,0.0,20.082831
Haryana,Panipat,29.34352134146342,76.92895914634147,75.0,1205437.0,10024.0,65.0,864.0,0.0
Madhya Pradesh,Panna,24.451325840092657,80.21133001158752,426.0,1016520.0,653.0,54.0,905.0,0.0
Arunachal Pradesh,Papum Pare,27.273529716981127,93.54468183962264,248.0,176573.0,2477.0,69.0,980.0,0.0
Maharashtra,Parbhani,19.31032425249168,76.70163338870431,513.0,1836086.0,3982.0,63.0,947.0,0.0
Bihar,Pashchim Champaran,27.16064352201258,84.30265911949685,203.0,3935042.0,3495.0,45.0,909.0,0.0
0,Pashchimi Singhbhum,0.0,0.0,0.0,0.0,0.0,0.0,0.0,30.89391
Gujarat,Patan,23.80634198473284,71.75162977099237,470.0,1343734.0,2231.0,62.0,935.0,0.0
Punjab,Patiala,30.214540380693364,76.27505893949697,48.0,1895686.0,24274.0,67.0,891.0,0.0
Bihar,Patna,25.40297114503818,85.3198433587787,230.0,5838465.0,40692.0,59.0,897.0,0.0
Tamil Nadu,Perambalur,11.260137758112096,78.86034011799416,615.0,565223.0,1507.0,66.0,1003.0,0.0
0,Peren,0.0,0.0,0.0,0.0,0.0,0.0,0.0,10.047968
Nagaland,Phek,25.63272986577182,94.56814563758392,266.0,163418.0,170.0,65.0,951.0,0.0
Uttar Pradesh,Pilibhit,28.52024175035868,79.90103974175037,151.0,2031007.0,2870.0,52.0,895.0,0.0
Uttaranchal,Pithoragarh,30.14720631868129,80.34229230769236,62.0,483439.0,1344.0,71.0,1020.0,0.0
Gujarat,Porbandar,21.55092351651571,69.71896987722886,478.0,585449.0,1653.0,67.0,950.0,0.0
Andhra Pradesh,Prakasam,15.489039001601704,80.11665790176184,549.0,3397448.0,6151.0,56.0,981.0,8.029847
Uttar Pradesh,Pratapgarh,25.86484273170732,81.93530048780492,131.0,867848.0,716.0,46.0,983.0,27.960735
Uttar Pradesh,Pratapgarh,25.86484273170732,81.93530048780492,173.0,3209141.0,5149.0,60.0,998.0,27.960735
Tamil Nadu,Pudukkottai,10.130514816433578,79.05444484265728,621.0,1618345.0,4494.0,69.0,1015.0,6.384486
Jammu and Kashmir,Pulwama,33.88414418604652,75.00921860465118,12.0,560440.0,1537.0,52.0,912.0,0.0
Jammu and Kashmir,Punch,33.791241290322574,74.29593161290322,5.0,476835.0,346.0,55.0,893.0,0.0
Maharashtra,Pune,18.51696171428573,74.12922881632647,521.0,9429408.0,235018.0,76.0,915.0,0.0
Bihar,Purba Champaran,26.68129336734693,85.00382155612242,204.0,5099371.0,7719.0,45.0,902.0,0.0
Orissa,Puri,19.83509174603177,85.86698989898981,387.0,1698730.0,3416.0,76.0,963.0,0.0
Bihar,Purnia,25.81714801901739,87.40447606973065,211.0,3264619.0,4170.0,41.0,921.0,33.43122
West Bengal,Puruliya,23.254192328767108,86.3968532876713,340.0,2930115.0,3551.0,55.0,957.0,26.232211
Uttar Pradesh,Rae Bareli,26.253902840059787,81.22260463378181,158.0,3405559.0,5184.0,58.0,943.0,0.0
Karnataka,Raichur,16.050795353982295,76.87368606194688,559.0,1928812.0,5200.0,51.0,1000.0,15.435114
Chhattisgarh,Raigarh,22.008265068493166,83.27797698630134,403.0,1493984.0,3342.0,64.0,991.0,0.0
Chhattisgarh,Raigarh,22.008265068493166,83.27797698630134,520.0,2634200.0,38570.0,74.0,959.0,0.0
Maharashtra,Raigarh,18.453257637845976,73.0090609418579,403.0,1493984.0,3342.0,64.0,991.0,0.0
Maharashtra,Raigarh,18.453257637845976,73.0090609418579,520.0,2634200.0,38570.0,74.0,959.0,0.0
Chhattisgarh,Raipur,20.88603153846152,82.20032759615388,410.0,4063872.0,20261.0,65.0,984.0,0.0
Madhya Pradesh,Raisen,23.292518206521724,78.16305495923909,446.0,1331597.0,1141.0,62.0,901.0,0.0
Madhya Pradesh,Rajgarh,23.785499026425583,76.66431223922116,442.0,1545814.0,1611.0,52.0,956.0,0.0
Gujarat,Rajkot,22.40603377715488,70.83679439383323,476.0,3804558.0,21785.0,72.0,927.0,0.0
0,Rajouri,0.0,0.0,0.0,0.0,0.0,0.0,0.0,12.591741
Rajasthan,Rajsamand,25.24894767441859,73.96570215946844,123.0,1156597.0,1989.0,54.0,990.0,0.0
Tamil Nadu,Ramanathapuram,9.31286995153476,78.99185362412462,626.0,1353445.0,5172.0,72.0,983.0,0.0
0,Ramban,0.0,0.0,0.0,0.0,0.0,0.0,0.0,17.277106
Uttar Pradesh,Rampur,28.83244727272725,79.10977333333337,136.0,2335819.0,3847.0,45.0,909.0,0.0
Jharkhand,Ranchi,23.184235061391547,85.31781937244203,364.0,2914253.0,22538.0,66.0,949.0,0.0
Madhya Pradesh,Ratlam,23.503562290502792,75.14895782122909,434.0,1455069.0,3644.0,57.0,971.0,0.0
Maharashtra,Ratnagiri,17.210195070127703,73.25725893866404,528.0,1615069.0,7752.0,74.0,1122.0,0.0
Orissa,Rayagada,19.292840020060204,83.45860120361095,396.0,967911.0,1553.0,42.0,1051.0,25.994397
Madhya Pradesh,Rewa,24.861184625158856,81.57572465057183,430.0,2365106.0,3406.0,61.0,931.0,0.0
Haryana,Rewari,28.19164714828897,76.55956007604564,85.0,900332.0,5121.0,71.0,898.0,0.0
0,Ribhoi,0.0,0.0,0.0,0.0,0.0,0.0,0.0,20.930395
Haryana,Rohtak,28.892517647058817,76.53123235294117,82.0,1061204.0,8482.0,70.0,867.0,4.29489
Bihar,Rohtas,24.99170460829495,83.9350762672811,234.0,2959918.0,4594.0,61.0,918.0,0.0
Punjab,Rupnagar,30.910937330754347,76.53743500967126,51.0,684627.0,6600.0,73.0,915.0,0.0
Gujarat,Sabar Kantha,23.71803594548552,73.13638790459964,472.0,2428589.0,5262.0,65.0,952.0,0.0
Madhya Pradesh,Sagar,23.800318709677374,78.71940357771273,427.0,2378458.0,4546.0,65.0,893.0,0.0
Uttar Pradesh,Saharanpur,30.03381165217392,77.59905147826095,132.0,3466382.0,9699.0,60.0,890.0,0.0
Bihar,Saharsa,25.821270696721303,86.54670819672135,214.0,1900661.0,1668.0,42.0,906.0,0.0
Jharkhand,Sahibganj,24.93667989690721,87.68264097938142,352.0,1150567.0,591.0,42.0,952.0,29.379477
Mizoram,Saiha,22.35744801061008,93.02827931034489,288.0,56574.0,168.0,75.0,979.0,4.57028
Tamil Nadu,Salem,11.629324202127655,78.2478257978723,608.0,3482056.0,20660.0,66.0,954.0,0.0
Bihar,Samastipur,25.793205563909765,85.94833323308269,221.0,4261566.0,5379.0,50.0,911.0,0.0
Orissa,Sambalpur,21.515752380952385,84.34958483245157,372.0,1041099.0,5231.0,68.0,976.0,0.0
Maharashtra,Sangli,17.154930181086502,74.70713822937628,531.0,2822143.0,13212.0,73.0,966.0,0.0
Punjab,Sangrur,30.18504520433689,75.89437014178496,53.0,1655169.0,10736.0,61.0,885.0,0.0
Uttar Pradesh,Sant Kabir Nagar,26.791596516393444,83.0387764344262,186.0,1715183.0,2031.0,56.0,972.0,0.0
Bihar,Saran,25.89656077844312,84.82266287425155,219.0,3951862.0,4509.0,55.0,954.0,0.0
Maharashtra,Satara,17.6737908974359,74.18052064102558,527.0,3003741.0,14093.0,74.0,988.0,0.0
Madhya Pradesh,Satna,24.62777621776502,80.75547048710598,429.0,2228935.0,3754.0,62.0,926.0,0.0
Rajasthan,Sawai Madhopur,26.251081180223288,76.4219283891548,108.0,1335551.0,1887.0,56.0,897.0,0.0
Madhya Pradesh,Sehore,22.9297199679658,77.06780202883085,445.0,1311332.0,1566.0,60.0,918.0,0.0
Manipur,Senapati,25.08465586034914,94.03366234413956,272.0,479148.0,256.0,55.0,937.0,0.0
0,Senapati (Excluding 3 Sub-Divisions),0.0,0.0,0.0,0.0,0.0,0.0,0.0,13.183616
Madhya Pradesh,Seoni,22.33230487804874,79.66053863928111,456.0,1379131.0,1182.0,63.0,982.0,0.0
Mizoram,Serchhip,23.263864705882344,92.914158496732,285.0,64937.0,131.0,84.0,977.0,0.0
Madhya Pradesh,Shahdol,23.44859864559819,81.4596831828442,460.0,1066063.0,1733.0,57.0,974.0,0.0
Uttar Pradesh,Shahjahanpur,27.991389350649328,79.8302275324675,152.0,3006538.0,3889.0,50.0,872.0,0.0
Madhya Pradesh,Shajapur,23.566620317220547,76.33555181268885,436.0,1512681.0,1382.0,59.0,938.0,0.0
Bihar,Sheikhpura,25.12472436548223,85.77839390862943,228.0,636342.0,631.0,52.0,930.0,0.0
Bihar,Sheohar,26.458380748663107,85.29539411764709,205.0,656246.0,478.0,43.0,893.0,0.0
Madhya Pradesh,Sheopur,25.78014810996563,77.16911116838484,418.0,687861.0,273.0,48.0,901.0,0.0
Himachal Pradesh,Shimla,31.155725451807253,77.62573042168668,33.0,814010.0,9177.0,75.0,915.0,3.418176
Karnataka,Shimoga,14.063845885634592,75.17882078103197,568.0,1752753.0,8791.0,72.0,998.0,0.0
Madhya Pradesh,Shivpuri,25.37802451874367,77.74861600810549,423.0,1726050.0,1852.0,52.0,877.0,0.0
0,Shrawasti,0.0,0.0,0.0,0.0,0.0,0.0,0.0,39.313896
Madhya Pradesh,Sidhi,24.17547189952905,82.1053783359498,462.0,1127033.0,837.0,53.0,957.0,0.0
Rajasthan,Sikar,27.64644058641976,75.29317422839503,111.0,2677333.0,5647.0,62.0,947.0,0.0
Jharkhand,Simdega,22.608760391198054,84.59193691931536,367.0,599578.0,423.0,57.0,997.0,0.0
Maharashtra,Sindhudurg,16.170948049777163,73.51329008172343,529.0,849651.0,3517.0,78.0,1036.0,0.0
0,Singrauli,0.0,0.0,0.0,0.0,0.0,0.0,0.0,26.996569
Himachal Pradesh,Sirmaur,30.682764453961443,77.43184689507493,32.0,529855.0,2220.0,68.0,918.0,5.396787
Rajasthan,Sirohi,24.7976905263158,72.75309131578943,117.0,1036346.0,2146.0,46.0,940.0,0.0
Haryana,Sirsa,29.63583446327684,74.90970480225988,79.0,1295189.0,6287.0,60.0,897.0,5.012823
Bihar,Sitamarhi,26.56570069686413,85.61172491289203,206.0,3423574.0,3460.0,42.0,899.0,31.694917
Uttar Pradesh,Sitapur,27.501995963091108,80.85288881199547,154.0,4483992.0,3874.0,51.0,888.0,0.0
Tamil Nadu,Sivaganga,9.960306580645158,78.56535729032255,622.0,1339101.0,5773.0,72.0,1003.0,5.43147
Bihar,Siwan,26.1736372013652,84.33766552901022,218.0,3330464.0,3834.0,58.0,988.0,0.0
Himachal Pradesh,Solan,31.03864311926604,76.94442140672783,31.0,580320.0,5250.0,74.0,880.0,0.0
Maharashtra,Solapur,17.837357937584812,75.42394823609216,526.0,4317756.0,15145.0,67.0,938.0,0.0
Uttar Pradesh,Sonbhadra,24.46693268858798,83.06816324951639,200.0,1862559.0,5149.0,53.0,918.0,0.0
Assam,Sonitpur,26.73514926829268,92.85197804878044,306.0,1924110.0,4358.0,58.0,956.0,0.0
Meghalaya,South Garo Hills,25.240568578553614,90.64560349127176,295.0,142334.0,179.0,58.0,945.0,0.0
Goa,South Goa,15.195278658183785,73.941792596877,586.0,640537.0,17624.0,78.0,986.0,0.0
Tripura,South Tripura,23.211874098057383,91.6065807585568,290.0,876001.0,948.0,74.0,957.0,0.0
Andhra Pradesh,Srikakulam,18.570900998697432,84.25874814010675,542.0,2703114.0,3988.0,55.0,1015.0,7.861653
Jammu and Kashmir,Srinagar,34.27312898550724,75.11021159420288,10.0,1236829.0,16413.0,61.0,900.0,0.0
Uttar Pradesh,Sultanpur,26.2846386419753,82.05710456790123,179.0,3797117.0,5956.0,59.0,983.0,0.0
Orissa,Sundargarh,22.06354819277107,84.50524819277099,374.0,2093437.0,12787.0,64.0,973.0,0.0
Bihar,Supaul,26.28157893772896,86.78496465201461,208.0,2229076.0,1845.0,46.0,929.0,0.0
Gujarat,Surat,21.25761372772093,72.93488716344339,492.0,6081322.0,55694.0,75.0,787.0,0.0
Gujarat,Surendranagar,22.82672007299272,71.48358740875906,475.0,1756268.0,2975.0,62.0,930.0,0.0
Chhattisgarh,Surguja,23.32719278728607,83.23582493887531,401.0,2359886.0,2737.0,50.0,978.0,23.734461
Manipur,Tamenglong,24.98312942238265,93.49450740072204,273.0,140651.0,125.0,60.0,943.0,15.93263
0,Tapi,0.0,0.0,0.0,0.0,0.0,0.0,0.0,16.383237
0,Tarn Taran,0.0,0.0,0.0,0.0,0.0,0.0,0.0,4.001758
Arunachal Pradesh,Tawang,27.680683962264148,91.82504245283016,245.0,49977.0,96.0,52.0,714.0,0.0
Uttaranchal,Tehri Garhwal,30.463700918635173,78.48783792650917,59.0,618931.0,1366.0,66.0,1077.0,0.0
Maharashtra,Thane,19.698767747440264,72.79882742564581,517.0,11060148.0,256170.0,74.0,886.0,0.0
Tamil Nadu,Thanjavur,10.387692255892237,79.3194869107745,620.0,2405890.0,13495.0,74.0,1035.0,5.510688
Gujarat,The Dangs,20.801633877551023,73.6883518367347,489.0,228291.0,137.0,62.0,1006.0,29.224457
Tamil Nadu,Theni,9.924066666666668,77.43458833333332,624.0,1245899.0,4667.0,70.0,991.0,0.0
Tamil Nadu,Thiruvallur,13.275858101752885,80.19724702864492,602.0,3728104.0,75634.0,75.0,987.0,0.0
Kerala,Thiruvananthapuram,8.537101759082221,76.88711502868073,601.0,3301427.0,71621.0,84.0,1087.0,0.0
Tamil Nadu,Thiruvarur,10.368927409395978,79.60322893959727,619.0,1264277.0,4416.0,75.0,1017.0,5.584699
Manipur,Thoubal,24.545392553191498,93.97959893617023,276.0,422168.0,880.0,64.0,1002.0,0.0
Kerala,Thrissur,10.458932647907687,76.12321940836945,594.0,3121200.0,56148.0,86.0,1108.0,0.0
Madhya Pradesh,Tikamgarh,25.14099852104666,78.89357064846428,424.0,1445166.0,1090.0,52.0,901.0,0.0
Assam,Tinsukia,27.53549291139241,95.69055949367085,309.0,1327929.0,5135.0,60.0,952.0,0.0
Arunachal Pradesh,Tirap,26.94406229508198,95.41470327868862,254.0,111975.0,98.0,43.0,944.0,13.668732
Tamil Nadu,Tiruvannamalai,12.419318947368414,79.23265631578953,606.0,2464875.0,6445.0,66.0,994.0,0.0
Rajasthan,Tonk,26.153935071707927,75.79192216427637,120.0,1421326.0,1908.0,53.0,952.0,0.0
Nagaland,Tuensang,26.21104453280316,94.85809880715708,267.0,196596.0,155.0,60.0,929.0,14.409025
Karnataka,Tumkur,13.592467760074973,77.02297966260545,571.0,2678980.0,7971.0,68.0,984.0,0.0
Rajasthan,Udaipur,24.44076752136749,73.84029839743584,130.0,3068420.0,14211.0,52.0,958.0,26.43897
Uttaranchal,Udham Singh Nagar,29.02779577677222,79.45629004524895,67.0,1648902.0,7883.0,63.0,920.0,9.589154
Jammu and Kashmir,Udhampur,33.04770670731707,75.15286951219511,19.0,554985.0,1214.0,58.0,870.0,13.516417
Karnataka,Udupi,13.450404228534568,74.72009990316337,569.0,1177361.0,9070.0,79.0,1094.0,0.0
Madhya Pradesh,Ujjain,23.319288862745065,75.80383717647058,435.0,1986864.0,7501.0,62.0,955.0,0.0
Manipur,Ukhrul,25.05900314960629,94.44129566929138,279.0,183998.0,276.0,71.0,943.0,11.977187
Madhya Pradesh,Umaria,23.59601063063061,80.90879477477475,431.0,644758.0,839.0,55.0,950.0,0.0
Himachal Pradesh,Una,31.58330388349513,76.18353932038836,29.0,521173.0,2412.0,77.0,976.0,0.0
Uttar Pradesh,Unnao,26.63163990895297,80.636773292868,156.0,3108367.0,3476.0,57.0,907.0,0.0
Arunachal Pradesh,Upper Siang,28.8309244897959,95.00155765306124,252.0,35320.0,97.0,52.0,889.0,0.0
Arunachal Pradesh,Upper Subansiri,28.277196566523585,93.8991435622318,249.0,83448.0,139.0,54.0,998.0,0.0
West Bengal,Uttar Dinajpur,26.044619165196977,88.23595232216337,330.0,3007134.0,2883.0,50.0,939.0,20.90438
Uttaranchal,Uttarkashi,30.968958552036234,78.56880615384617,56.0,330086.0,602.0,65.0,958.0,10.627218
Gujarat,Vadodara,22.26133739279589,73.49433010291594,486.0,4165626.0,53606.0,69.0,934.0,0.0
Bihar,Vaishali,25.8134703180212,85.39247597173153,220.0,3495021.0,4810.0,55.0,895.0,0.0
Gujarat,Valsad,20.44238231644259,72.9148584798345,491.0,1705678.0,11020.0,69.0,922.0,0.0
Uttar Pradesh,Varanasi,25.36057088888889,82.82529666666672,197.0,3676841.0,19214.0,65.0,913.0,0.0
Tamil Nadu,Vellore,12.784882632293078,79.02643283582084,605.0,3936331.0,20623.0,70.0,1007.0,0.0
Madhya Pradesh,Vidisha,23.82838307984792,77.9013507604563,443.0,1458875.0,1926.0,59.0,896.0,0.0
Tamil Nadu,Virudhunagar,9.468872195892564,77.87641469194315,625.0,1942288.0,10219.0,72.0,1007.0,0.0
0,Visakhapatnam,0.0,0.0,0.0,0.0,0.0,0.0,0.0,7.777677
Andhra Pradesh,Vizianagaram,18.28329696032972,83.45982854198873,543.0,2344474.0,4453.0,53.0,1019.0,9.180981
Andhra Pradesh,Warangal,18.01752608695651,79.87422028985509,540.0,3512576.0,12952.0,59.0,997.0,0.0
Maharashtra,Wardha,20.80743024390242,78.57259105691062,504.0,1300774.0,4313.0,78.0,946.0,0.0
Maharashtra,Washim,20.282282394366213,77.25502394366208,502.0,1197160.0,1875.0,73.0,930.0,0.0
Kerala,Wayanad,11.715277464788736,76.07587007042254,590.0,817420.0,4712.0,79.0,1035.0,1.592948
Meghalaya,West Garo Hills,25.495285185185185,90.03709947089942,293.0,643291.0,1630.0,56.0,984.0,13.384532
Andhra Pradesh,West Godavari,16.63297943925236,81.45912990654196,546.0,3936966.0,12050.0,67.0,1004.0,0.0
Arunachal Pradesh,West Kameng,27.46486582278483,92.65015750452083,246.0,83947.0,202.0,58.0,819.0,0.0
Meghalaya,West Khasi Hills,25.500889926739926,91.25364542124538,296.0,383461.0,149.0,60.0,980.0,15.169499
Arunachal Pradesh,West Siang,28.106296920289843,94.53510344202908,250.0,112274.0,303.0,58.0,930.0,0.0
Tripura,West Tripura,23.780166241299337,91.41310788863107,289.0,1725739.0,6394.0,79.0,962.0,0.0
Nagaland,Wokha,26.202611551155112,94.1990815181518,264.0,166343.0,198.0,77.0,968.0,0.0
0,Yadgir,0.0,0.0,0.0,0.0,0.0,0.0,0.0,21.354785
Puducherry,Yanam,16.707695652173904,82.26187304347832,634.0,55626.0,207.0,71.0,1038.0,0.0
Maharashtra,Yavatmal,20.04258346738159,78.05326371760479,510.0,2772348.0,6094.0,73.0,952.0,0.0
Nagaland,Zunheboto,26.028178205128206,94.50026666666668,263.0,140757.0,261.0,73.0,976.0,0.0
